node,is_victim,pagerank,victim_connection_weight,degree,strength
Calhoun,0,0.19561490601392265,5,2,7.0
Calhoun Star,1,0.17008218910368242,0,2,6.0
Elias,0,0.045904282503010485,0,1,1.0
Hudson,0,0.1111111111111111,0,1,1.0
Prendergast Patersons,0,0.04076126820158034,1,1,1.0
Swain,0,0.10319290973335937,0,2,3.0
freebody,0,0.1111111111111111,0,1,2.0
k,0,0.1111111111111111,0,1,1.0
watson,0,0.1111111111111111,0,1,2.0
