node,is_victim,pagerank,victim_connection_weight,degree,strength
Count,0,0.25950495963588244,0,3,19.0
Count Negretto Anil,0,0.19830156653602443,0,2,15.0
Dr. Keshav,0,0.07802092776905271,0,1,3.0
Home Secretary,0,0.14285714285714285,0,1,2.0
Mr. Rohit,0,0.1109645270057842,0,2,5.0
Prime Minister,0,0.14285714285714285,0,1,2.0
Shilpa,0,0.06749373333897057,0,2,4.0
