node,is_victim,pagerank,victim_connection_weight,degree,strength
Azkaban,0,0.044270902270337184,0,1,1.0
Chudley,0,0.12990109753139792,0,3,4.0
Inspector Narcissa,0,0.04008460715828878,0,1,1.0
Mr. Acromantula Hallows,0,0.10107880025288499,2,4,7.0
Mrs. Pomona Portkey,1,0.19352083766500194,0,2,27.0
Pomona,0,0.19352083766500194,25,2,27.0
Rose Katie,0,0.1653017270399277,0,5,6.0
abe,0,0.06463234765519982,0,2,3.0
god,0,0.0676888427619593,0,2,2.0
