node,is_victim,pagerank,victim_connection_weight,degree,strength
Sir Jasper Meek,0,0.16666666666666666,0,1,1.0
Victor,0,0.16666666666666666,3,1,3.0
Victor Savage,1,0.16666666666666666,0,1,3.0
arthur,0,0.16666666666666666,0,1,1.0
doyle,0,0.16666666666666666,0,1,1.0
fisher,0,0.16666666666666666,0,1,1.0
