node,is_victim,pagerank,victim_connection_weight,degree,strength
Dr. An,0,0.29714533740710075,1,6,10.0
J. NEIL GIBSON,0,0.04668577325712836,0,1,1.0
Miss Grace Maria,0,0.10110175243965787,1,3,3.0
Mr. Joyce Persano,1,0.10820210184777602,0,3,3.0
Mr. Watson Pinto,0,0.25156020066600904,0,3,9.0
Neil Sherlock,0,0.11796173628544085,0,2,4.0
king,0,0.07734309809688703,1,2,2.0
