node,is_victim,pagerank,victim_connection_weight,degree,strength
Holmes,0,0.07815886507964925,0,2,2.0
Jack,0,0.051849682983007024,0,1,1.0
Miss Morphy,0,0.2476141305847051,0,3,8.0
Mr. Macphail Dorak,0,0.16646184003394182,0,3,5.0
Mr. Trevor Beeches,0,0.10844671970003314,0,2,3.0
Professor Morphy,0,0.3474687616186636,0,5,11.0
