node,is_victim,pagerank,victim_connection_weight,degree,strength
Dennis Luna,0,0.1111111111111111,0,1,1.0
Firebolt,0,0.09707884937866676,1,2,2.0
Flitwick,0,0.05758996179131754,0,1,1.0
Howler,0,0.09707884937866676,1,2,2.0
Lee,0,0.05758996179131754,0,1,1.0
Mr. Snitch Tournament,1,0.13819002063268188,0,3,3.0
Mrs. Diagon,0,0.13766684033118629,1,2,3.0
Niffler,0,0.1111111111111111,0,1,1.0
Professor Slytherin,0,0.19258329447394099,0,3,4.0
