node,is_victim,pagerank,victim_connection_weight,degree,strength
Dr. Verner,0,0.05303086690211543,0,2,2.0
Hyams,0,0.16270467442054434,0,3,13.0
Jonas,0,0.03829975754711637,0,1,2.0
Mr. Cornelius Sherlock,0,0.10991705340941979,0,2,5.0
Mr. Hyams Lexington,0,0.29268720251716507,0,5,23.0
Mr. Moriarty,0,0.12478521182511329,0,3,6.0
Murillo,0,0.027483212106891516,0,1,1.0
Oldacre,0,0.15297040202174578,0,3,12.0
Professor Stevens,0,0.03812161924988823,0,2,2.0
