node,is_victim,pagerank,victim_connection_weight,degree,strength
Agatha Blackwell,0,0.19689252552665668,3,3,5.0
Dr. Holmes,0,0.12804078225709525,2,2,3.0
Eva,0,0.1111111111111111,0,1,1.0
Lady Watson,1,0.10067261233643926,0,2,2.0
Lady Watson Lestrade,0,0.059452902164401175,1,1,1.0
Mr. Miles,0,0.08360937483619399,0,1,2.0
Sherlock Charles,1,0.15616506760561452,0,2,4.0
athene,0,0.052944513051376936,0,1,1.0
dorking,0,0.1111111111111111,0,1,1.0
