node,is_victim,pagerank,victim_connection_weight,degree,strength
Miss Arthur,0,0.10108709625445887,0,2,17.0
Tom,0,0.06968663811440404,0,2,8.0
a,0,0.4013550409188856,0,8,67.0
care,0,0.08201475944659987,0,2,14.0
don,0,0.22271740172639914,0,3,41.0
ethel,0,0.022404150915164508,0,1,1.0
fate,0,0.035367456312044035,0,1,4.0
frank,0,0.02009186407801101,0,1,1.0
jack,0,0.025183728156022017,0,1,2.0
jones,0,0.02009186407801101,0,1,1.0
