node,is_victim,pagerank,victim_connection_weight,degree,strength
Dr. Snitch,0,0.13725128261019495,2,2,3.0
Draco Katie,1,0.17261731231545913,0,2,4.0
Lady Child,1,0.10946559935643593,0,2,2.0
Lady Child Veela,0,0.06318996855475281,1,1,1.0
Lee,0,0.055554107911247985,0,1,1.0
Longbottom,0,0.1111111111111111,0,1,1.0
Mr. Eileen Aberforth,0,0.18394495878320527,3,3,4.0
Mr. Yaxley,0,0.055754548246481586,0,1,1.0
Tina,0,0.1111111111111111,0,1,1.0
