node,is_victim,pagerank,victim_connection_weight,degree,strength
Akshara Salman,0,0.08139708722024361,0,1,4.0
Jagdeep the Second,0,0.0344117718050609,0,1,1.0
Nikita,0,0.13312547925101267,0,4,7.0
Pramod Javed,0,0.13328022745792678,0,5,6.0
Richard Ishaan,0,0.1037733576685986,0,4,5.0
Salman Ritual,0,0.18157384829424766,0,4,10.0
Sir Ralph Salman,0,0.29480686180779214,0,6,16.0
Udita Meher,0,0.03763136649511764,0,1,1.0
