node,is_victim,pagerank,victim_connection_weight,degree,strength
Charles Milverton,0,0.17261731231545913,0,2,4.0
Dr. Watson,0,0.13725128261019495,0,2,3.0
Lady Eva,1,0.10946559935643593,0,2,2.0
Lady Eva Blackwell,0,0.06318996855475281,1,1,1.0
Lestrade,0,0.055754548246481586,0,1,1.0
Miss Miles,0,0.1111111111111111,0,1,1.0
Sherlock Holmes,0,0.18394495878320527,1,3,4.0
dorking,0,0.1111111111111111,0,1,1.0
jove,0,0.055554107911247985,0,1,1.0
