node,is_victim,pagerank,victim_connection_weight,degree,strength
Julius D’Arblay,1,0.40339588561443607,0,3,91.0
Miss D’Arblay,0,0.3434499286302699,81,2,83.0
gray,0,0.02983466268125524,0,1,1.0
man,0,0.13845361178053284,9,5,14.0
porter,0,0.02983466268125524,0,1,1.0
r,0,0.02519658593099527,1,1,1.0
simon,0,0.02983466268125524,0,1,1.0
