node,is_victim,pagerank,victim_connection_weight,degree,strength
Julius D'Arblay,1,0.40372409066097126,0,3,93.0
Miss D’Arblay,0,0.3443873245090986,83,2,85.0
gray,0,0.02977366956767508,0,1,1.0
man,0,0.13744902208625706,9,5,14.0
porter,0,0.02977366956767508,0,1,1.0
r,0,0.025118554040647577,1,1,1.0
simon,0,0.02977366956767508,0,1,1.0
