node,is_victim,pagerank,victim_connection_weight,degree,strength
Billy,0,0.11003933076140612,0,1,1.0
Dr. Watson,0,0.14285714285714285,0,1,3.0
Mr. Holmes,0,0.14285714285714285,0,1,3.0
Sylvius,0,0.20849276704861638,0,2,2.0
minnie,0,0.14285714285714285,0,1,1.0
negretto,0,0.11003933076140612,0,1,1.0
warrender,0,0.14285714285714285,0,1,1.0
