node,is_victim,pagerank,victim_connection_weight,degree,strength
Cabman,0,0.17895677280300573,0,1,6.0
STURGIS,0,0.14285714285714285,0,1,1.0
doctor,0,0.0739379718867162,0,1,2.0
j,0,0.047683271657643814,0,1,1.0
rays,0,0.0739379718867162,0,1,2.0
s,0,0.3397697260516322,0,4,11.0
wager,0,0.14285714285714285,0,1,1.0
