node,is_victim,pagerank,victim_connection_weight,degree,strength
Anderson,0,0.09307383843917971,0,1,1.0
Colonel Gable Irwin,0,0.24025949489415346,0,2,3.0
Mr. Pearson Garfunkel,1,0.09307383843917971,0,1,1.0
Mrs. Gadot,0,0.24025949489415346,1,2,3.0
Sutherland,0,0.16666666666666666,0,1,1.0
Walken Wilkins,0,0.16666666666666666,0,1,1.0
