node,is_victim,pagerank,victim_connection_weight,degree,strength
Alice,0,0.04736139650137218,0,1,1.0
Holmesi,0,0.09632565559083262,0,2,2.0
Holmesi Southerton,0,0.05760540802206774,0,1,1.0
Miss Fowler,0,0.04736139650137218,0,1,1.0
Miss Rucastle Hunter,0,0.2527829093506107,0,4,7.0
Mrs. Jephro,0,0.0739978925754746,0,1,2.0
Spence Stoper,0,0.20234311923604767,0,2,6.0
mary,0,0.1111111111111111,0,1,2.0
munro,0,0.1111111111111111,0,1,2.0
