node,is_victim,pagerank,victim_connection_weight,degree,strength
Inspector Keshav,0,0.035050398624885654,0,1,1.0
Maanvi,0,0.11349927481710972,0,3,4.0
Maanvi Saajan,0,0.039118848199571496,0,1,1.0
Mansi,0,0.16662654577707495,25,3,28.0
Mr. Rohit Komal,0,0.14110665918402596,2,5,14.0
Mrs. Mansi Tanisha,1,0.16662654577707495,0,3,28.0
Priyanka Meenal,0,0.1415308730609074,0,5,6.0
Rohit,0,0.08508682843063788,1,3,9.0
abe,0,0.05218477930425486,0,2,3.0
god,0,0.05916924682445715,0,2,2.0
